Data,Descrição,Valor,Tipo
2026-07-10,"Saldo do dia",0.00,CREDIT
2026-07-08,"Saldo do dia",16268.85,CREDIT
2026-07-03,"Saldo do dia",0.00,CREDIT
2026-06-30,"Saldo do dia",4.14,CREDIT
2026-06-29,"Saldo do dia",104.14,CREDIT
2026-06-24,"Saldo do dia",114.14,CREDIT
2026-06-23,"Saldo do dia",133.14,CREDIT
2026-06-22,"Saldo do dia",138.64,CREDIT
2026-06-20,"Saldo do dia",50.00,CREDIT
2026-06-11,"Saldo do dia",0.00,CREDIT
2026-06-10,"Saldo do dia",0.00,CREDIT
2026-05-15,"Saldo do dia",0.00,CREDIT
2026-05-14,"Saldo do dia",16268.85,CREDIT
2026-05-11,"Saldo do dia",0.00,CREDIT
2026-05-10,"Saldo do dia",3168.49,CREDIT
2026-05-09,"Saldo do dia",3241.74,CREDIT
2026-04-24,"Saldo do dia",0.00,CREDIT
2026-04-23,"Saldo do dia",11451.77,CREDIT
2026-04-17,"Saldo do dia",0.00,CREDIT
2026-04-14,"Saldo do dia",58.00,CREDIT
